metric,mean,std,folds,threshold
precision,0.44827157635593995,0.011623126131686482,5,0.6
recall,0.6331017964071857,0.022784821890312706,5,0.6
f1,0.5248533638294404,0.015369649068652276,5,0.6
roc_auc,0.9463501981629239,0.0012817636130825491,5,
pr_auc,0.5092958296595074,0.010680942420422895,5,
