metric,mean,std,folds
precision,0.3661358122433594,0.005406651344396086,5
recall,0.7602003992015968,0.015193744176867783,5
f1,0.49416096672743476,0.005541050467920065,5
roc_auc,0.9463501981629239,0.0012817636130825491,5
pr_auc,0.5092958296595074,0.010680942420422895,5
