model,accuracy,precision,recall,f1,roc_auc,pr_auc
Random Forest,0.9366041896361632,0.4455732946298984,0.614,0.5164003364171573,0.9475430571761961,0.49086398220657573
Logistic Regression,0.880154355016538,0.2859226841721371,0.784,0.41902725815072156,0.9158345390898482,0.37092609360923584
Dummy Baseline,0.9448732083792724,0.0,0.0,0.0,0.5,0.05512679162072767
