model,accuracy,precision,recall,f1
Random Forest,0.9080485115766262,0.3484573502722323,0.768,0.4794007490636704
Logistic Regression,0.8528114663726571,0.25044829647340106,0.838,0.38564196962724345
