feature_set,accuracy,precision,recall,f1,roc_auc,pr_auc
With popularity,0.9155457552370452,0.36619718309859156,0.728,0.48728246318607765,0.9475430571761961,0.49086398220657573
Without popularity,0.8907386990077177,0.245067497403946,0.472,0.32262474367737526,0.8015222870478413,0.2536064093713431
